土地位置建物門牌,緯度,經度,actual_price_million,pred_mean,pred_0.1,pred_0.25,pred_0.5,pred_0.75,pred_0.9
臺北市中山區中山北路三段３９號七樓之１,25.0660379859926,121.522533009538,5.2000003,5.698929,3.2099764,6.740755,6.936176,7.088505,9.065354
臺北市中山區南京東路二段１０８號十八樓之１６,25.0518390001039,121.532169013066,15.000002,12.696193,8.520505,11.585335,14.4872055,17.43834,21.280216
臺北市中山區合江街７３巷３號五樓,25.0588220055489,121.539642820852,36.2,33.485577,22.326843,27.750282,29.744717,35.448368,37.21316
臺北市中山區吉林路３６９號二樓之１８,25.065068996076,121.530509982971,8.600001,10.656032,6.8682723,7.372707,8.660729,9.849599,13.259235
臺北市中山區建國北路三段８１巷３號六樓,25.0655101340103,121.537448512556,26.5,23.698542,14.090517,20.12517,21.945395,24.141014,29.51538
臺北市中山區敬業三路１６２巷４０號四樓,25.0778519851518,121.556995036806,36.0,28.007177,19.992764,20.310486,28.991669,32.968563,39.75686
臺北市中山區新生北路二段１３７巷３９號四樓,25.0613349839399,121.529133003917,12.5,14.4661,11.501154,13.918573,15.3739,18.210005,22.893639
臺北市中山區新生北路二段７４號五樓之１０,25.0571349798968,121.527172979679,6.1,6.4377975,3.668425,7.032352,7.423082,8.383288,10.294986
臺北市中山區松江路９０巷２１號三樓,25.0506059802373,121.530407975209,30.999996,26.387085,17.123198,21.976547,27.746073,34.208527,38.203865
臺北市中山區林森北路１３３巷２８號三樓,25.0508219818821,121.526143011416,11.5,11.702443,8.169006,9.81678,11.926835,13.707885,18.602188
臺北市中山區林森北路６７巷８３號四樓,25.0481720012837,121.527025039088,22.480001,24.397528,15.138256,20.352764,23.034473,26.5623,32.02318
臺北市中山區農安街３２號七樓之９,25.064797003318,121.526653972234,15.000002,16.360725,12.612588,13.857919,17.030703,18.605309,22.557926
臺北市中山區長安東路一段５１號十一樓之１,25.0489230198082,121.526109986718,36.2,28.875444,20.474422,20.940042,29.25784,32.69737,41.321228
臺北市中山區長安東路二段２０８號七樓之１,25.0481849932336,121.541916998821,45.080006,36.69328,25.748413,27.933186,35.84623,43.630455,46.592037
臺北市中山區長春路３６８號十二樓之２,25.0544230151244,121.542666005689,3.7500005,8.559786,6.4265733,8.636264,8.757942,10.863105,13.641504
臺北市中山區雙城街１２巷５之２號四樓,25.0645639864097,121.523430040816,10.929999,11.002335,7.9583173,9.755755,10.833888,12.07223,15.618297
臺北市中正區中華路一段７號十四樓之９,25.0471059908379,121.510328036505,20.879997,16.7682,12.969624,14.396001,17.293505,21.963734,25.98456
臺北市中正區晉江街１６９號三樓,25.0213929941046,121.526652966406,20.799997,18.472813,13.027999,15.4681835,18.527008,20.191864,26.215929
臺北市中正區汀州路二段２０１巷２號三樓之１,25.0238270149677,121.522522029245,12.749999,16.380852,10.908787,12.672117,14.181015,16.032145,20.72152
臺北市中正區臨沂街３２巷２號二樓之５,25.0396230048685,121.529612029684,19.38,21.127844,14.390099,16.580585,22.207394,25.457817,30.469671
臺北市中正區臨沂街５７巷３１號,25.0376030081127,121.530931005967,59.49999,27.97818,15.947306,18.917042,29.954432,36.587376,39.901894
臺北市信義區信義路五段１１７號三樓之２,25.0333499890854,121.573914888983,16.600002,14.947515,11.089978,12.762582,14.495751,16.66905,20.371178
臺北市信義區信義路五段１５０巷３３０號七樓之５,25.0227201395405,121.579249872391,12.0,9.583648,7.6565976,9.623939,10.518868,12.6504345,15.845552
臺北市信義區信義路六段７６巷２弄８５號二樓,25.0330380140958,121.576044001419,19.180002,17.015911,12.599559,14.371367,17.136396,19.417643,22.958746
臺北市信義區光復南路５６７號九樓之１４,25.03075398739,121.557622003163,17.0,11.710941,9.367788,11.812752,13.374697,14.118369,18.726645
臺北市信義區光復南路５６７號十一樓之２,25.03075398739,121.557622003163,15.680001,11.627437,9.639745,11.772572,13.249331,14.244693,18.66609
臺北市信義區吳興街２８４巷１９弄６號,25.0235830177663,121.563639036177,19.300001,17.861069,13.21201,15.357344,18.209904,20.278318,25.12625
臺北市信義區吳興街４３２巷１２２之３號二樓,25.0228719809199,121.567836022735,15.800001,16.385143,12.9794855,13.863254,16.314556,18.231237,22.80201
臺北市信義區和平東路三段１６９號八樓之８,25.0240697967932,121.553216223397,13.200001,10.362872,7.106886,10.387477,11.364235,14.75553,17.692955
臺北市信義區基隆路一段１４７巷１３號四樓,25.0425210059818,121.566386037304,12.999999,12.374965,8.173489,8.70263,10.391631,11.832395,16.493504
臺北市信義區基隆路一段３８０巷２４號,25.034694990625,121.558892029132,24.700003,23.657932,19.933203,20.36389,24.269476,28.687685,30.6467
臺北市信義區市民大道六段１０８號七樓之３,25.0489940145281,121.572443303453,14.250001,14.507347,13.290646,14.124324,15.727773,17.04037,20.586487
臺北市信義區忠孝東路五段３４５巷１號四樓,25.0413570110879,121.574151032406,31.199999,26.321815,16.051321,20.00019,23.407688,27.935223,30.528055
臺北市信義區忠孝東路五段４６９號八樓之１,25.041034014449,121.577215959121,35.0,25.904346,17.87956,22.747936,25.402388,29.682474,37.109238
臺北市信義區松山路５１５巷２弄２７號三樓,25.0381519808612,121.579011027505,15.800001,18.914982,13.637541,15.938048,18.72488,21.96945,23.440939
臺北市信義區林口街２１號,25.0372319831686,121.579108006125,8.0,4.0593033,1.4155017,3.8536494,4.838299,5.743882,9.324946
臺北市信義區莊敬路３４３號三樓,25.02798900708,121.564373039438,23.0,20.616348,13.585863,18.40171,18.590847,20.156343,22.7313
臺北市信義區莊敬路３７６號二樓,25.0274790101813,121.565077035485,20.75,24.242691,19.041485,20.341772,21.418495,24.180702,27.954937
臺北市信義區莊敬路４４１號三樓,25.0271669938356,121.567132026687,18.180002,19.414328,14.583342,16.31398,17.670198,18.29888,20.327116
臺北市內湖區大湖山莊街１７６巷１８號二樓之６,25.0885593915296,121.598795931267,24.0,22.195566,15.96046,17.048487,21.541027,27.288893,32.300533
臺北市內湖區康寧路三段２１９巷４號二樓,25.0679700146746,121.612190036854,18.800001,19.870836,13.854032,16.084034,19.087307,22.235483,27.57319
臺北市內湖區康寧路三段７５巷１７９之１號五樓,25.0772276171843,121.612386341026,27.2,25.783436,18.65877,20.334211,25.152641,28.495785,36.086132
臺北市內湖區康樂街２０４之３號十一樓,25.0763049791922,121.621279037381,24.599998,24.872688,18.004238,18.49657,26.601738,29.91328,36.22869
臺北市內湖區成功路二段４２６巷６６號四樓,25.0700120139262,121.58795996643,11.2,16.438606,11.767469,13.93572,16.47057,18.122396,23.59276
臺北市內湖區文德路１０６號三樓,25.078184998165,121.583071975775,20.599998,21.126036,13.979332,17.514992,20.229548,21.646574,24.696026
臺北市內湖區陽光街１０１號三樓之１,25.0752639887274,121.585970018798,25.800003,21.119427,16.893011,16.981739,21.543026,23.708185,31.424316
臺北市內湖區陽光街９２巷１８弄５號五樓,25.0758389872852,121.585488981374,13.799999,13.715298,10.846976,11.5453205,13.022275,15.7652445,18.367212
臺北市內湖區麗山街４６巷９號四樓,25.0809309934643,121.579976036018,12.0,18.41151,12.42613,16.214935,17.36122,17.887848,21.172596
臺北市北投區中央北路三段４０巷３８弄２２號五樓之１,25.1402932666288,121.485561214004,15.120002,14.165697,13.399142,13.486042,13.939317,17.254599,21.48357
臺北市北投區中央北路四段１３８巷３號,25.1337363967363,121.475928873511,16.2,13.231494,9.87684,11.449126,12.39664,16.46418,18.54464
臺北市北投區公路１５９巷１號五樓,25.1323027,121.5026806,12.0,14.292636,12.752171,13.987177,14.759327,17.33442,20.486088
臺北市北投區公路６３巷２０號五樓,25.1323027,121.5026806,13.500001,15.016822,15.098956,15.348842,17.23058,20.155403,24.251244
臺北市北投區吉利街１７號三樓,25.1181649999312,121.504447963789,18.499996,18.742073,12.076374,15.114476,16.867071,17.7555,23.61409
臺北市北投區奇岩路１４之２號四樓,25.1332106837692,121.507197898583,13.158,20.03402,13.163208,15.9169,18.8431,24.226013,30.939014
臺北市北投區復興三路５７號四樓,25.1449319502136,121.503308151276,28.200003,17.617424,8.786214,14.279072,17.826286,24.593266,27.416615
臺北市北投區復興四路２８號七樓,25.1424910012365,121.500742994948,31.500004,30.458998,22.347021,23.694317,30.108631,35.65357,37.290794
臺北市北投區新民路５３之１號三樓之５,25.1403229800706,121.510257963794,8.5,10.559841,7.826268,9.682308,9.711402,13.930902,17.86592
臺北市北投區榮華一路３巷６號五樓,25.1123340032587,121.524741976301,36.5,41.497013,28.728281,32.9743,37.39576,45.8849,50.92671
臺北市北投區泉源路５２號十二樓,25.1408929913961,121.509466963592,21.000004,19.666641,15.9023075,17.120256,21.54392,23.753664,29.45286
臺北市北投區溫泉路６５巷１６號四樓之１８,25.1360440184996,121.504374035403,8.699999,10.413812,7.297952,8.017051,9.085383,9.718483,14.332077
臺北市北投區稻香路１５０巷８號五樓,25.1429709909218,121.489298009076,11.5,14.767658,10.903168,11.882669,14.327645,16.715364,18.20013
臺北市北投區致遠一路一段１０巷１２弄６號一樓,25.1082510105838,121.518089008293,28.0,19.851505,13.872507,15.405171,18.76944,21.83927,26.595776
臺北市北投區行義路１４２號六樓,25.1298570004897,121.528210994568,10.299999,13.295323,10.302639,11.6413765,13.296068,13.355821,16.516153
臺北市北投區行義路１８６巷５２號三樓,25.133369981839,121.530513000456,10.599999,12.497861,9.43649,10.839283,11.845232,12.156207,15.25857
臺北市南港區研究院路二段１８２巷７７號五樓,25.0367480120793,121.614073031402,14.06,13.238742,9.641694,11.49078,13.694106,16.66444,19.493505
臺北市南港區研究院路二段７０巷３７弄３號五樓,25.0458370126066,121.61403598339,16.0,18.595942,11.66983,14.499387,16.49643,19.942228,23.201574
臺北市南港區經貿二路２３５巷２６號八樓,25.061202005046,121.614940977476,34.5,23.671856,16.202766,17.814419,25.176159,34.221165,41.578312
臺北市南港區經貿二路２３５巷６０弄２８號二樓,25.0622729056372,121.615562005445,42.199997,34.25897,21.962069,24.571005,40.203777,53.018585,58.68659
臺北市南港區經貿二路２３５巷６０弄３０號二樓,25.0622729056372,121.615562005445,46.999992,34.166065,21.905775,24.490995,40.073864,52.845547,58.51067
臺北市南港區舊莊街一段２１２巷１８號二樓,25.0382825258683,121.622146764441,15.599999,20.056585,14.269906,15.2194395,19.8218,22.588463,30.618893
臺北市士林區中山北路七段１４１巷４號六樓,25.1231570100054,121.531815967305,24.799995,24.535732,16.46257,19.037426,25.134474,28.370794,34.048916
臺北市士林區中山北路七段１９０巷２４之２號四樓,25.1257919869971,121.534978962287,18.0,29.530283,18.681847,22.079273,26.561918,33.62886,36.690647
臺北市士林區中山北路六段２７７巷６號,25.1100739907055,121.524913972954,27.3,20.020649,14.633116,15.399244,18.233358,21.701742,28.252647
臺北市士林區天母西路１８之９號六樓,25.1182789938144,121.527772537213,30.999996,33.264027,22.974874,25.826273,31.572681,38.019302,42.97847
臺北市士林區德行東路３５８巷１４弄２號四樓,25.1099180034874,121.539193969937,23.0,26.776342,18.281982,19.508652,27.354942,35.1175,36.357838
臺北市士林區忠義街１３１號三樓,25.1080089831296,121.532856999679,17.6,20.067827,15.19669,16.127184,17.32729,19.908497,23.194464
臺北市士林區忠義街７８巷７號五樓,25.1063909824502,121.531461999533,18.62,20.593525,17.054415,18.651333,19.986635,23.342098,25.481771
臺北市士林區忠誠路一段１６巷２９號五樓,25.1058519841665,121.5259539995,30.000004,28.627377,14.347816,23.597538,24.042942,27.97213,31.544134
臺北市士林區承德路四段１巷７號二樓,25.0784950028539,121.521748966315,10.000001,14.28058,10.025592,11.629551,14.500003,16.419146,19.988604
臺北市士林區承德路四段４０巷２號四樓之３,25.0807840167921,121.522127995976,5.7999997,6.0207596,2.4679947,5.0752015,5.3619523,7.33865,11.214115
臺北市士林區文林路一段７４０巷９弄１號三樓,25.1033869921711,121.520609027483,11.5,17.514765,13.10325,14.92948,16.894361,18.361269,23.158934
臺北市士林區文林路７６５號六樓之９,25.1032924023938,121.518965168632,25.999998,22.092089,14.941353,18.611103,19.17111,24.523056,28.0107
臺北市士林區社子街２５巷３弄５號四樓,25.0882931787052,121.508034251412,10.9647,13.9511,10.344691,12.609079,12.7971735,15.272077,19.455544
臺北市大同區民權西路１６０巷１８弄８號十樓之５,25.062168019387,121.515452983564,18.0,16.841059,13.760742,14.613775,17.558954,19.218985,24.929802
臺北市大同區興城街７０號五樓之８,25.0592849799708,121.517379983104,34.0,26.899477,21.23494,22.356823,27.020487,31.733492,39.572727
臺北市大安區信義路二段５２號十二樓之６,25.0344989798192,121.525826007838,18.539999,15.50901,11.89201,14.356943,16.563253,20.4415,25.713396
臺北市大安區和平東路一段１２１號七樓之３,25.0269128126218,121.527311616357,4.847323,21.30054,13.722995,17.09084,19.95796,22.672476,27.462513
臺北市大安區和平東路一段８５巷４弄２號五樓,25.0273889885411,121.52535402287,27.749998,22.344196,14.940507,18.602007,21.401196,27.122782,27.373055
臺北市大安區四維路３６號二樓之１,25.0358089874665,121.54806001184,13.200001,16.486698,9.063127,11.907521,16.350561,17.268675,21.56424
臺北市大安區安和路一段１８號八樓,25.0386470160627,121.550434018276,57.42999,44.526962,29.656862,30.205437,47.40705,57.813942,61.07403
臺北市大安區延吉街７０巷２弄１６之１號,25.0431079906612,121.55372500492,24.200003,26.194624,18.135052,18.312601,26.407404,29.180792,32.93159
臺北市大安區建國南路二段６９巷１８號,25.0310991122532,121.538698934735,23.0,36.614994,22.807484,27.583332,38.004982,46.081017,51.835255
臺北市大安區建國南路二段９７號十一樓,25.0302649871587,121.538280007214,36.48,29.810764,21.02094,23.542353,31.003857,36.260593,41.438553
臺北市大安區復興南路一段２００號八樓,25.0396880065276,121.543495981741,50.68,37.359592,22.391314,25.679432,35.603878,40.530838,42.7308
臺北市大安區復興南路二段９０巷１２號三樓之２,25.0302196829721,121.54238546339,16.35,15.76881,10.407302,13.161495,15.832621,16.439524,21.914423
臺北市大安區忠孝東路四段１８１巷４０弄２２號三樓,25.0438950094599,121.54977402722,22.500002,20.856792,13.431724,14.334861,17.75737,22.78336,27.406855
臺北市大安區敦化南路二段８１巷４７號七樓,25.0300530088274,121.550537031866,44.499996,40.350574,26.52749,27.511032,40.269478,48.54122,49.442303
臺北市大安區敦化南路二段８１巷５３號四樓,25.030026983018,121.550788991875,33.5,23.10811,18.631275,18.957708,22.018946,26.354418,29.42795
臺北市大安區樂利路７８號二樓,25.0256510009177,121.551917028405,9.818481,12.986478,8.832139,10.198175,11.572179,12.954584,19.920338
臺北市大安區永康街７５巷８號六樓之３,25.0288230064459,121.53011100438,17.680002,15.737949,10.267319,13.24745,15.711453,17.440222,21.748941
臺北市大安區金山南路二段２１號二樓,25.0332549796595,121.527326033231,27.899998,23.606764,15.987707,19.035528,22.34391,28.744581,33.974834
臺北市文山區忠順街一段１１９號五樓,24.9842969956735,121.559961979073,13.338001,15.700615,13.020031,14.792322,14.911543,18.822971,20.607931
臺北市文山區忠順街一段７０號三樓,24.9842319940143,121.56080796456,12.38,16.59614,12.535886,15.28539,16.061625,19.744112,21.602442
臺北市文山區指南路三段２６號三樓之１,24.9831078969795,121.579933036854,9.38,9.122278,6.134965,8.311853,8.822193,10.134616,14.28441
臺北市文山區指南路三段３２巷５號九樓之９,24.9827310047032,121.580205029613,6.88,6.715907,4.121821,6.3972163,7.326918,7.9399223,11.276155
臺北市文山區政大二街９９巷１８號,24.9884830019383,121.58275203853,12.600001,20.216553,14.805658,14.837417,18.84376,20.523516,26.1248
臺北市文山區新光路一段６５巷３８號八樓,24.990677007004,121.575433966506,30.5,28.281015,19.126738,22.742228,32.914474,38.301517,42.28212
臺北市文山區木新路二段１７２號五樓,24.9839560198523,121.568342960239,12.299999,13.714174,11.707764,13.008268,13.97356,16.795235,17.678982
臺北市文山區汀州路四段２５３號十二樓,25.0019046920361,121.536283773154,40.8,39.840984,28.935713,30.820343,40.9277,46.964764,54.37431
臺北市文山區溪口街７０號十二樓之１,24.9955810070949,121.538924994664,35.499996,33.44609,26.946053,27.153452,35.241257,38.647602,47.38697
臺北市文山區興隆路三段１３７號三樓,24.9983140104442,121.558763031642,7.28,9.887468,6.911679,8.640826,9.623842,9.863609,12.741879
臺北市文山區興隆路三段２５５巷２９之１號二樓,24.9927029968205,121.560519962367,18.0,24.26539,17.625013,19.952293,23.639809,27.903961,35.41785
臺北市文山區興隆路四段１０９巷１１６號三樓,24.9867779971039,121.564595998062,19.499998,36.197613,22.817923,28.945757,33.84826,43.206844,46.087326
臺北市文山區萬美街二段２巷７號五樓之１,25.0035225767552,121.562943648454,14.0,17.173937,12.784692,15.0233,16.940882,18.663353,22.762823
臺北市松山區健康路１６６號八樓,25.0535829807881,121.558240000884,32.710003,32.297688,18.838518,24.98317,29.037989,34.5857,38.834328
臺北市松山區光復南路２２巷２８號,25.0468379794838,121.555899019146,8.0,4.4388404,2.366405,4.1049724,4.963923,5.4358745,10.33799
臺北市松山區八德路三段１２巷５２弄１４號二樓,25.0462670042395,121.549977958924,40.000004,44.30421,26.535181,29.029383,39.87544,46.79146,49.255405
臺北市松山區八德路四段６３６號十樓之１,25.0498319952981,121.574493014056,17.86,15.985207,12.459527,14.214463,17.059763,19.071247,22.555418
臺北市松山區南京東路五段２３９號七樓之２,25.0516164186651,121.564972429334,16.43,14.796205,11.717493,13.338722,15.69733,17.542557,19.954805
臺北市松山區南京東路五段２３９號五樓之１６,25.0516164186651,121.564972429334,22.199997,17.56315,13.775173,15.240704,17.508224,19.550205,22.643755
臺北市松山區南京東路五段４１５號二樓之６,25.0514612419358,121.57010545841,14.419998,15.992033,12.260383,13.347156,15.819477,16.262867,20.988945
臺北市松山區富錦街５７１巷７號二樓,25.0622419896825,121.566589969009,19.800003,17.27831,13.239194,14.852087,16.839249,18.38264,23.991419
臺北市松山區敦化北路２２２巷２９之１號三樓,25.0598580087814,121.547598001337,31.199999,30.168688,19.880781,24.369528,29.19628,36.49062,41.47226
臺北市松山區新東街１２巷１１號四樓,25.057846980662,121.566867996737,25.999998,23.07263,17.667238,18.472666,19.817902,26.374434,28.784035
臺北市松山區民生東路五段２１２巷５弄４號,25.058413627576,121.564997073925,17.349998,13.507744,7.584908,7.9587746,11.667154,15.610799,15.916422
臺北市松山區民生東路五段４８號三樓,25.0582289858992,121.557580009828,30.080002,26.006254,17.365513,20.258018,21.558308,26.629887,31.438953
臺北市萬華區中華路二段４１６巷８０號七樓之３,25.0273135933221,121.503458061024,25.0,55.79183,39.603687,41.512302,48.20192,53.166275,61.614735
臺北市萬華區中華路二段５００號十二樓,25.0260827108408,121.507614982085,10.000001,16.27722,12.79971,12.996845,15.560093,16.670929,19.828302
臺北市萬華區國興路１巷６號九樓之２,25.0239169946983,121.508536991434,14.0,12.586624,9.399736,11.806819,12.645483,15.181564,17.673634
臺北市萬華區富民路１４５巷１５弄２號四樓,25.0186239904811,121.50032297778,8.300001,9.592084,6.7659492,9.062123,9.165044,11.043412,14.331834
臺北市萬華區寶興街１４０巷３３號四樓,25.0238190102502,121.493708985622,12.580002,14.2524605,11.23746,13.411602,14.167322,15.65445,20.129642
臺北市萬華區寶興街６５巷１６號八樓,25.0270291115283,121.494867616098,24.0,35.902657,27.135977,28.58734,32.267654,36.190575,43.783657
臺北市萬華區康定路１０５號二十二樓之１２,25.039268198907,121.50202316302,11.599998,13.548322,10.270171,12.339175,14.869887,17.307142,21.644888
臺北市萬華區康定路１０５號十七樓之６,25.039268198907,121.50202316302,20.38,29.431507,22.398024,23.504313,25.063854,29.604267,35.894173
臺北市萬華區康定路１６６號十三樓之２,25.0394489965585,121.501803976252,28.999998,31.55836,26.754244,27.756132,34.152546,36.85957,44.962616
臺北市萬華區東園街６６巷５３弄２７號五樓,25.025723001466,121.495124018516,10.399999,14.6368265,11.666341,13.343997,13.398035,15.223031,20.376993
臺北市萬華區環河南路二段１４８巷１４號五樓,25.0362220057455,121.494462015803,5.18,7.6773415,5.152802,7.3136325,7.878963,9.00522,11.425604
臺北市萬華區環河南路二段１４９巷５號六樓,25.0335439876809,121.493173968742,6.9999995,9.803123,6.5374794,9.277935,9.525835,10.603395,13.086767
臺北市萬華區艋舺大道５７號四樓,25.03382800847,121.503876988545,9.0,6.467877,2.37533,5.224808,5.53879,10.383283,12.230066
臺北市萬華區西寧南路３０７號七樓之２,25.0381819880745,121.506499015496,11.580001,13.728814,10.71132,12.375803,14.130255,14.908104,19.642656
臺北市萬華區西昌街１５４號九樓之１,25.0387279852474,121.500523975818,8.199999,9.821788,7.2432137,9.156026,9.944826,13.056668,14.375243
臺北市萬華區長沙街二段６１號八樓之１,25.040682980344,121.505462006436,16.800001,21.584835,16.920229,17.82556,20.745247,22.680634,29.168541
臺北市萬華區長泰街３１６巷１２號二樓,25.0212829816254,121.492673988218,8.300001,9.835639,5.891356,6.806201,8.568435,11.091592,14.504249
臺北市萬華區開封街二段８１號十二樓之３,25.0472069927711,121.504694978476,10.380001,12.785244,9.399978,10.785865,12.022307,13.399063,16.392548
臺北市萬華區青年路１６８巷４９弄１３號五樓之１,25.019318012064,121.50172099541,8.8,10.078312,6.6452017,7.879495,8.066032,10.639545,14.732387
臺北市中山區中山北路一段５３巷２０號三樓之２,25.0489262887505,121.522880104148,7.3000007,10.771592,6.5426207,9.684663,11.456626,11.987103,15.813741
臺北市中山區德惠街４５號五樓之１９,25.0667429878687,121.526995031874,0.58000004,2.5018253,1.7362344,2.5780177,3.2753828,4.5457106,6.533131
臺北市中山區撫順街６之１號六樓之５,25.0636879937089,121.521560038217,9.05,8.978021,6.0769067,8.17751,8.745561,9.562528,12.982452
臺北市中山區新生北路一段１０２巷１０號七樓之４,25.0487120053958,121.528544007581,11.000001,10.047288,7.3432026,9.689303,10.54135,11.164465,14.5361595
臺北市中山區長春路４１０號十一樓之５,25.0544160162352,121.543750037227,8.379999,9.172259,7.085814,9.050861,9.585719,11.019972,12.69014
臺北市中山區雙城街４３巷７號六樓之３,25.0675530149916,121.524801990727,5.2000003,8.383041,5.0255666,6.5972652,6.682413,7.9400373,10.937553
臺北市中山區雙城街４９巷１２號四樓,25.0678630196805,121.525232988189,12.5,10.500705,6.58012,7.9986687,9.301458,10.185166,13.6536
臺北市中正區汀州路一段１９８巷４號四樓,25.0279900129083,121.508982992502,1.0,0.28907838,0.46954685,1.5708315,1.6893889,2.091818,6.7134523
臺北市中正區汀州路二段２４４號五樓,25.0216649868627,121.524539972434,19.499998,27.113201,16.646618,19.312918,25.61828,31.654196,37.417572
臺北市中正區齊東街７０巷１７號七樓,25.0428709923489,121.527785026248,17.800001,12.627007,11.452181,12.543513,14.177628,16.013584,19.900831
臺北市中正區齊東街７０巷１７號四樓之２,25.0428709923489,121.527785026248,21.699999,15.926701,13.737641,15.001919,17.239323,19.877506,26.002592
臺北市信義區和平東路三段１７９號七樓之６,25.0239719799831,121.553479582795,13.260001,10.303165,8.972647,11.066677,11.572574,13.970909,17.469006
臺北市信義區嘉興街１５５號,25.0281340140049,121.55732100902,5.0000005,4.9488754,1.6593616,4.0411434,4.357112,5.6680226,10.391347
臺北市信義區富陽街８７巷６號三樓,25.0213470193657,121.55700501127,18.060001,18.145311,14.4701805,15.918199,17.99692,20.1346,22.72297
臺北市信義區莊敬路４７８號七樓之１０,25.0264810188797,121.568168029919,22.299997,26.374023,15.713356,19.464415,21.59864,24.559557,26.829765
臺北市信義區虎林街２３２巷１５之１號,25.0364869996144,121.577031976346,3.05,2.2971563,1.6827086,3.3612125,4.338806,4.673468,8.756228
臺北市內湖區內湖路一段９１巷８１號六樓,25.0913974286254,121.56322290138,22.489998,16.630602,14.314823,15.372565,18.641785,21.797878,25.596478
臺北市內湖區康寧路三段７５巷１８６弄２２號,25.0765279797262,121.613633987314,45.000004,19.139427,14.603771,25.8164,39.86414,51.190517,52.66426
臺北市內湖區文德路２１０巷３０弄６號三樓之５,25.0772300060267,121.584300008409,18.599998,21.926535,14.675052,16.15113,20.10043,23.29262,29.412426
臺北市內湖區環山路二段１０９巷３弄１０號三樓,25.0839351932909,121.575570507709,17.0,20.600903,13.919069,16.396688,18.072216,20.045578,22.783245
臺北市內湖區金湖路４０１巷３５號四樓,25.0724430173042,121.603880972417,35.0,19.897766,13.248847,17.784416,22.946543,26.873587,32.91098
臺北市內湖區金龍路２２２巷２號三樓,25.0877689919843,121.58657401874,14.299999,12.592803,9.000597,11.160726,13.75169,16.270172,18.596344
臺北市內湖區麗山街４６巷１１號四樓,25.0809799856883,121.579899006328,13.500001,19.082296,13.138667,15.548831,17.552078,19.123724,21.224216
臺北市北投區中央北路三段４０巷３８號四樓,25.1396139967905,121.484861970639,14.0,13.261784,9.418104,11.01529,12.628758,14.502039,18.721083
臺北市北投區大度路三段３０１巷１７４號,25.11866200488,121.465042960581,8.0,9.299813,4.933071,7.0859175,9.356106,14.470025,17.827343
臺北市北投區幽雅路７號八樓之３,25.1372959814674,121.513110995997,12.999999,11.559576,9.2638855,10.325206,11.141915,12.740136,15.986605
臺北市北投區幽雅路７號六樓之６,25.1372959814674,121.513110995997,5.7999997,4.9538364,3.6122363,5.5412703,6.3523755,7.6780963,10.610128
臺北市北投區稻香路１４８號四樓,25.1427940070363,121.489147973009,10.849999,12.550226,9.689484,10.5853,11.941652,12.849228,16.795736
臺北市北投區致遠一路一段１０４巷２號六樓,25.1097201067534,121.515390203109,30.6,30.67534,24.186436,26.872787,27.360884,36.668076,39.245358
臺北市南港區三重路４１巷３７號六樓,25.0604011141976,121.612809710956,6.404496,31.217037,19.298428,22.177229,31.704203,43.695778,47.769646
臺北市南港區重陽路４９０號三樓,25.0603330112343,121.611803966394,54.449993,36.88218,25.846525,26.399496,41.18404,56.195076,59.576557
臺北市士林區中山北路七段１９０巷８之２號六樓,25.1249390026205,121.533347005739,22.7,27.574062,17.62915,21.11058,23.231922,27.033464,32.809788
臺北市士林區天玉街３８巷１２號三樓之３,25.1205519983175,121.529355040532,6.0,4.849146,2.9759896,6.2550673,6.377371,6.880513,11.612649
臺北市士林區德行東路９０巷２１弄２號四樓,25.1066200179544,121.528227004003,25.999998,26.36552,19.196133,21.734598,22.627825,27.807789,31.391596
臺北市士林區美崙街８４巷６號,25.0971369841588,121.521575963833,26.880001,21.708471,16.071236,18.29128,20.66155,23.597277,28.770468
臺北市大同區五原路１９號五樓之５,25.056691996314,121.517332960627,11.580001,11.398013,9.403863,10.678396,11.211125,13.310195,18.265862
臺北市大安區仁愛路四段３４５巷２弄１號二樓,25.038561981655,121.553938994908,58.879997,52.462254,33.153008,34.837803,56.79654,62.2828,66.1791
臺北市大安區信義路四段２６５巷１０弄２之１號三樓,25.0337739871041,121.553950981029,8.5,11.941265,9.36013,10.452064,13.928789,14.452903,19.571957
臺北市大安區和平東路一段２２２號八樓,25.0260579842264,121.532107992811,2.6000001,2.9351957,1.7270918,5.607706,6.5702834,8.05891,12.896276
臺北市大安區忠孝東路四段１８１巷４３號五樓,25.0443289824968,121.550925030164,6.9999995,14.166994,6.896571,9.6668825,14.062378,14.709702,17.982893
臺北市大安區新生南路一段１６５巷５之１６號,25.0343059864986,121.533409031822,33.679996,32.540485,18.956648,24.003546,34.71484,46.23501,49.646156
臺北市文山區木新路二段１１１巷１２弄８號五樓,24.983532985199,121.570011964799,14.0,16.53663,12.034877,14.132255,14.635997,16.248423,22.013103
臺北市文山區秀明路一段７９巷５弄２７號五樓,24.9904359853782,121.564786015807,15.680001,19.809076,14.481207,17.141922,18.023525,20.59677,22.733845
臺北市文山區興隆路三段２２９巷６弄１號四樓,24.993024987631,121.559469961356,12.999999,19.742464,12.989583,15.747302,20.232946,22.27017,26.455797
臺北市文山區萬利街５２號三樓,25.0010090018627,121.564315036668,24.0,23.469452,16.329834,21.139174,25.767769,30.552551,34.637566
臺北市松山區光復北路８５巷３３號二樓,25.0505726202627,121.559565934147,32.499996,31.67496,21.299175,25.542953,31.807102,36.911316,41.41325
臺北市萬華區柳州街４２巷９之２號,25.0386709883058,121.504769996509,7.3000007,13.905056,8.271074,9.236911,10.193675,12.819173,18.82287
臺北市萬華區環河南路二段１５９巷６號十樓,25.0330039835689,121.492928965712,14.45,14.383639,13.254672,13.80591,14.716487,16.953987,21.14307
臺北市萬華區青年路１２號十樓,25.0260610017116,121.505973973081,2.1999998,5.396783,2.9573944,6.10602,7.097737,8.203523,12.682274
臺北市萬華區青年路１６８巷２弄４３號三樓,25.0198570103477,121.501439028187,5.3000007,5.6105075,2.8960638,3.5258288,4.2703104,5.6005774,11.134438
臺北市中山區中山北路一段５３巷８號,25.0491010095221,121.522126990148,8.479999,9.341171,6.102066,9.969108,10.872064,11.164016,14.904015
臺北市中山區北安路８２９號,25.0860130864186,121.552345413337,19.793331,16.641533,13.258509,14.042403,17.081278,26.333168,27.517159
臺北市中山區市民大道二段６７巷３３號,25.0474449969118,121.528565968167,18.0,19.187252,13.66958,16.85245,19.552246,22.637808,26.164877
臺北市中山區民權東路二段１３５巷３０弄１３號,25.0643069972584,121.534434976771,21.38,16.150942,12.526785,15.388606,16.49593,20.280838,25.500437
臺北市中山區通北街１１９號,25.0837181858177,121.538218567864,43.0,31.876703,28.415577,30.957483,41.839207,53.145576,54.094883
臺北市中山區通北街１２２號,25.0861013745645,121.536229729936,25.860004,23.660349,18.23366,18.402851,25.905746,30.887756,36.07625
臺北市中山區錦州街１９３號,25.0604120106718,121.531463005362,22.500002,19.668198,13.42669,16.230371,20.035166,25.006235,28.86858
臺北市中山區雙城街３巷２０號,25.0632610195611,121.525318986515,35.550003,22.52403,19.685217,19.718178,25.455872,28.001444,36.246983
臺北市中正區同安街８５之１號,25.0229296903233,121.520974310823,15.499998,16.821941,10.731164,12.061076,14.429198,17.42952,22.412008
臺北市中正區和平西路一段１３６號,25.0269690132826,121.516498961261,19.800003,23.544407,15.314817,19.002356,20.813145,23.509998,29.658764
臺北市中正區忠孝西路一段５０號,25.0462279864802,121.515826984083,13.660001,10.486104,7.558113,8.716687,9.157624,12.12816,15.087192
臺北市中正區汀州路一段１９８巷８號,25.0279589998666,121.508905040803,17.099998,17.81812,11.719438,13.610765,17.39092,19.38267,24.299046
臺北市信義區吳興街６００巷１１４號,25.0182339805263,121.571845003204,7.3000007,25.195484,15.451479,17.741177,24.428911,28.764343,34.629364
臺北市信義區崇德街２７號,25.0214466789223,121.561035433782,19.700003,12.612212,8.446695,12.2372675,13.406873,16.237795,19.452797
臺北市信義區忠孝東路五段３４５巷１號,25.0413570110879,121.574151032406,24.499996,20.12731,14.742048,15.846403,19.270811,22.241703,25.639061
臺北市信義區忠孝東路四段５５３巷１６號,25.0427979859723,121.562888017652,9.68,8.950943,6.3184185,7.2818584,9.096265,10.799537,14.607346
臺北市信義區松隆路９巷１７號,25.0442030024921,121.566905966758,12.0,27.150589,18.088737,21.762167,26.069834,30.548717,34.480457
臺北市信義區福德街２６８巷５弄１７號,25.0389840104799,121.58529200665,21.000004,18.652824,12.489673,15.082503,17.564032,20.436836,24.031044
臺北市信義區虎林街２３２巷２１號,25.0363740115596,121.576873977472,20.000002,17.307068,11.729285,14.663786,15.886755,20.026106,25.675825
臺北市信義區虎林街７０巷３１號,25.0442359852811,121.575981975336,15.000002,14.100163,10.547183,12.600707,12.91052,15.8710165,17.575981
臺北市信義區虎林街７６巷２５號,25.0435790117102,121.576153971989,2.5000002,6.0286098,3.4172816,4.742054,5.787595,6.16859,8.534727
臺北市內湖區大湖山莊街２１９巷９２號,25.0902289967473,121.600285974145,16.880001,15.798596,13.247737,13.586797,15.895724,17.057713,22.35219
臺北市內湖區康寧路一段１７３巷１１號,25.0791570055667,121.595748011766,31.799997,29.019503,20.299637,22.391468,27.974867,30.886663,39.08446
臺北市內湖區康樂街１２５巷１０之１號,25.0734042120508,121.620036587873,14.479999,15.087438,10.265197,12.639515,15.526667,17.96666,21.33313
臺北市內湖區康樂街６１巷８１弄１９號,25.0714340037999,121.620685598636,11.000001,13.575023,9.953155,12.122413,14.648515,15.862874,19.525436
臺北市內湖區文德路２０８巷１２號,25.0777685013962,121.583497105904,20.799997,16.92431,12.065394,14.775177,18.613836,20.058992,23.622908
臺北市內湖區東湖路１１３巷４９弄１２２號,25.0710100052278,121.615009960539,6.28,19.052845,14.421191,17.06399,18.936066,20.408821,26.567047
臺北市內湖區金龍路２２２巷４號,25.0877870130762,121.586290039861,19.079998,20.839375,14.196106,17.473806,20.969748,23.056932,28.974466
臺北市北投區光明路２４０之２號,25.1363300090359,121.507820003437,6.8999996,8.238561,4.801467,5.5476723,6.5159597,7.3091807,11.274854
臺北市北投區復興三路６３號,25.1454780181616,121.503482033267,15.499998,15.441223,6.509416,11.147495,17.022478,24.134747,24.568548
臺北市北投區新興路７０巷１號,25.1410820033127,121.487910971738,17.0,15.719008,11.312115,14.460755,17.668127,21.938007,25.103502
臺北市北投區泉源路３９之４５號,25.1414413323776,121.50715036469,15.499998,21.446825,15.096331,16.50664,22.209875,29.469662,31.77773
臺北市北投區溫泉路１３９之１２號,25.1399579900969,121.51205898333,3.05,5.607071,2.9347875,4.484836,4.5544395,5.9222455,8.741725
臺北市北投區溫泉路６５巷１１之１號,25.1357121141268,121.504051419067,12.0,14.795601,11.491982,13.484796,14.311927,16.683405,20.456106
臺北市北投區石牌路一段１６６巷２８之１號,25.1139897812474,121.513762889392,19.800003,23.51709,17.474623,18.308645,23.548697,27.026993,31.126982
臺北市北投區自強街５巷１０４號,25.1121219830178,121.511421036679,8.250001,13.253325,9.034696,9.3101,10.353705,12.889277,17.860416
臺北市南港區忠孝東路六段１８８巷１３弄２號,25.0479720090739,121.586971991503,11.699999,17.564716,11.782744,13.884462,17.095774,21.152523,27.614906
臺北市南港區東新街１０８巷１６號,25.0455599907067,121.587773971999,18.08,14.500682,10.483594,12.087432,15.012512,16.896376,20.166798
臺北市士林區中山北路六段２９０巷２７號,25.1093179849485,121.526651038568,9.299999,10.9781,5.6692924,8.064483,8.233489,10.451323,14.235315
臺北市士林區延平北路五段３０９號,25.0862760073907,121.509263031887,12.68,16.54579,10.67692,13.590499,15.374926,18.39194,22.580273
臺北市士林區延平北路八段１８７巷１弄９號,25.1056459988959,121.481527984832,3.1000001,3.3806698,1.6099244,2.8297064,3.8268905,5.070058,6.3955045
臺北市士林區承德路四段７３之１號,25.0818419806109,121.523282016406,25.999998,32.9275,21.782848,23.995846,32.595215,35.82224,44.39377
臺北市士林區文林路６４３巷２１號,25.0997670158277,121.522068987378,8.400001,25.427265,17.046766,20.50984,23.49058,25.581018,31.290762
臺北市士林區至善路二段１２１號,25.0986310164903,121.547026020264,18.0,12.384434,9.1272,10.406284,11.964627,14.972941,17.160315
臺北市士林區雨聲街１５巷１０號,25.1011069887789,121.528761015054,21.000004,18.001421,13.6223135,15.821106,17.738161,19.80923,25.458916
臺北市大同區寧夏路１６５號,25.0615550088983,121.514242972021,19.499998,22.578663,15.347404,15.422238,19.577608,21.25434,30.523756
臺北市大同區長安西路１３８巷５弄１號,25.0501249847236,121.517647030539,2.185834,4.816785,2.0185182,3.5617466,4.739329,4.7647405,8.121289
臺北市大同區雙連街３９巷７號,25.0589590077563,121.51930295933,12.141999,14.078094,8.797459,10.561885,13.692287,17.032082,20.641644
臺北市大安區信義路四段３０巷８弄１３號,25.0327770016309,121.544029992793,17.779999,11.018157,8.865875,10.862063,11.804918,13.747834,16.235994
臺北市大安區和平東路一段５９號,25.0271490146532,121.524533015454,33.000004,30.502613,19.43987,21.98903,31.665247,33.777565,38.9394
臺北市大安區和平東路三段２９８號,25.0205949950128,121.556248041595,12.190073,15.547447,10.992641,11.203008,14.285864,17.042358,19.958384
臺北市大安區和平東路二段１０７巷２３弄１７號,25.0262120016973,121.541635031598,27.2,23.321815,16.40928,17.664833,27.702206,30.286074,33.902847
臺北市大安區大安路一段１１７號,25.0394899840651,121.546167964836,68.88002,37.91605,25.917614,30.827538,49.812744,61.41103,62.595592
臺北市大安區復興南路一段１２８號,25.0428236890795,121.543615720949,21.240002,18.722155,13.776955,14.234309,17.848684,18.363712,21.984785
臺北市大安區忠孝東路三段２１７巷５弄２３之５號,25.0432519917578,121.538581001357,57.999996,31.613289,20.98747,26.185545,36.160603,47.203163,49.64778
臺北市大安區羅斯福路二段９３號,25.025170005404,121.524145017156,13.799999,11.828877,7.5905375,9.954163,12.166565,13.350285,17.73768
臺北市大安區臨江街１１８巷１弄６號,25.0301020010515,121.553700026848,5.0000005,5.46043,2.2936773,5.069247,5.7313876,6.6592517,9.796235
臺北市大安區金山南路二段２０３巷３號,25.0280861114283,121.526666712727,65.38,41.995045,27.848518,29.796505,45.90188,51.7349,54.702465
臺北市大安區麗水街１３巷１６號,25.0300999893947,121.52935001139,38.600002,31.046183,21.523117,22.74129,28.784302,32.926193,38.620697
臺北市文山區指南路三段３２巷５號,24.9827310047032,121.580205029613,10.8,11.398002,7.795433,9.805479,10.060166,12.632888,17.695732
臺北市文山區政大三街１０３號,24.9864190001909,121.583243972428,16.500002,16.63643,13.862169,13.980136,16.172825,19.510593,24.23706
臺北市文山區興隆路二段２０３巷９２號,25.0025889906113,121.546962988352,6.0,15.753028,12.879448,13.462135,17.41107,19.861012,24.000269
臺北市松山區健康路３５巷３４號,25.0557759800254,121.553794993811,31.050001,31.736353,22.264856,24.539124,26.510735,30.408768,35.76931
臺北市松山區光復南路５８巷３７號,25.0454620062585,121.5548589926,18.499996,18.902477,12.362146,14.430568,15.295302,20.3869,21.307053
臺北市松山區八德路二段３４８號,25.0477319932765,121.545318961863,19.45,23.309214,16.599905,17.415434,21.402672,24.516058,28.394567
臺北市松山區南京東路三段３０３巷６弄８號,25.05232498285,121.547422987198,23.799997,24.366299,18.950235,19.548113,24.561869,26.571299,31.790901
臺北市松山區復興北路２３１巷１５號,25.0571180065429,121.545484001537,23.199997,19.314184,15.150605,17.1745,21.703606,23.224504,29.092152
臺北市松山區敦化北路１４５巷２３弄３號,25.0532150152387,121.550394958607,27.779999,22.298574,16.596064,18.33046,23.506008,28.473694,34.502472
臺北市萬華區康定路１０３號,25.0395069993285,121.502047973453,18.150003,13.829983,11.910283,12.713083,13.933146,15.742538,19.01202
臺北市萬華區成都路１３９號,25.0435060053335,121.503248010531,33.000004,28.503397,21.09766,21.368708,27.702394,33.971813,40.713467
臺北市萬華區水源路２０５之１號,25.0195569801235,121.503229989439,6.0,9.570745,5.9956827,8.77162,11.023595,13.972227,17.13651
臺北市萬華區漢口街二段５１號,25.0458679837388,121.506388039098,11.000001,13.000386,9.75224,11.133655,13.065546,13.589054,18.306448
臺北市萬華區漢口街二段８８號,25.0461530103563,121.504392978504,11.399999,13.351401,10.584758,11.767108,13.639082,18.126566,22.6626
臺北市萬華區萬大路１２０號,25.0297049922076,121.500381986378,24.0,13.396576,9.097179,10.449594,12.606189,18.347862,24.32585
臺北市萬華區萬大路２７７巷１４弄１６號,25.0248760101501,121.500929995208,28.999998,35.326363,28.017786,29.401636,38.33676,42.72741,52.369026
臺北市萬華區長泰街２８２巷１１弄１３號,25.0214300002071,121.493131975407,7.700001,12.312767,8.537751,10.930938,11.917242,15.966302,19.63258
臺北市中山區中山北路一段１２１巷３３號六樓之１,25.0508930185115,121.524660001288,21.279999,22.314093,15.750876,20.176529,23.866705,25.673107,33.22026
臺北市中山區中山北路二段６２巷９之１號,25.0567450118515,121.522014002093,15.879999,19.515167,13.738731,14.2080145,19.449394,21.800066,26.034046
臺北市中山區中山北路二段７７巷１２號七樓,25.0573860178969,121.524161026592,26.840002,16.535807,13.21678,15.61393,20.535034,22.70131,28.749474
臺北市中山區中山北路二段７７巷１２號五樓,25.0573860178969,121.524161026592,24.060001,16.310139,13.641203,15.215089,20.416403,22.365469,28.03475
臺北市中山區中山北路二段７７巷２９號八樓之２,25.0575599842973,121.524474006856,6.6999993,8.001195,4.8087516,7.7963347,8.24192,8.820805,11.080508
臺北市中山區南京東路一段１３２巷１８號九樓之３,25.050979980757,121.526923031326,25.0,25.41811,21.178995,21.545605,25.281712,29.228931,37.880524
臺北市中山區合江街８３巷１７號,25.0591916893885,121.540041631805,23.0,20.860044,15.477274,16.632223,20.564857,22.471405,25.294355
臺北市中山區吉林路４４７巷１２號三樓,25.067302018901,121.531064026771,18.999998,19.414082,15.2099695,16.491173,18.091984,19.432924,24.312878
臺北市中山區建國北路二段８５號十三樓,25.0583869847741,121.537370989815,24.05,36.862602,24.31173,26.369629,27.79951,36.2788,39.384743
臺北市中山區德惠街１２號二樓之５,25.0665619806696,121.52375601303,17.0,13.980332,12.85205,13.641804,16.537022,16.805172,22.231358
臺北市中山區德惠街１２號四樓之１,25.0665619806696,121.52375601303,23.149996,15.918444,14.53387,15.796793,19.226,19.382193,24.086409
臺北市中山區新生北路一段１１０號三樓之２,25.0502157188254,121.527928105336,7.500001,8.468651,5.413303,8.37959,8.795635,9.279767,12.350216
臺北市中山區新生北路三段４３號三樓之１２,25.0654069963216,121.528041009571,12.030001,12.297301,8.382767,9.449728,9.454695,11.469538,15.612433
臺北市中山區新生北路三段７號十二樓之２,25.0633269851391,121.527990969609,28.56,26.799034,16.135658,19.74897,24.895576,28.24024,30.293337
臺北市中山區新生北路二段１３７巷１７號三樓,25.0613810005884,121.528417021748,12.999999,16.094954,11.179618,13.322594,15.692642,18.085072,20.903015
臺北市中山區松江路１８８巷２號四樓之３,25.0567276194025,121.532552988051,20.86,19.21113,15.086282,16.655214,19.03012,22.09883,28.193804
臺北市中山區林森北路１０７巷４３號四樓之５,25.0501020183089,121.526453980024,8.5,8.339915,5.314921,8.464063,8.885539,9.371256,12.044162
臺北市中山區林森北路１３８巷３８號六樓之１,25.0516450009549,121.524080979416,5.1299996,6.098052,3.4939487,7.853691,7.8938117,9.262523,12.098795
臺北市中山區林森北路８５巷９０號三樓之８,25.0490060006497,121.52798401263,9.400001,7.807276,4.5711875,6.295763,6.877674,7.1663666,10.756433
臺北市中山區長安東路二段８１號十二樓之５,25.0485429843183,121.534551988139,16.179998,13.909764,9.586557,10.779382,13.368659,17.43237,19.141241
臺北市中山區長春路４１０號九樓之３,25.0544160162352,121.543750037227,9.900001,8.9762745,7.394648,8.671385,9.50521,10.488064,12.51731
臺北市中正區信義路二段２５９號十三樓之３,25.0338819879265,121.531611029772,30.5,21.76435,17.07781,17.813694,26.503088,29.663952,34.7559
臺北市中正區晉江街１７３號二樓之１,25.0211759866314,121.526798979159,13.750002,11.9286585,8.961631,10.798929,12.610505,14.588047,18.553799
臺北市中正區青島東路２３號五樓之７,25.0435350067185,121.524286000768,33.200005,26.84771,18.041918,18.304016,24.565752,32.470745,35.37544
臺北市信義區中坡北路１５巷２１號七樓,25.0446070102251,121.580205029613,32.0,33.46146,21.13875,23.605864,29.322866,34.219654,37.066536
臺北市信義區光復南路４１７巷１８７號二樓,25.0369089865298,121.560075972956,28.999998,25.472765,18.322498,20.667055,26.940308,32.714302,37.610046
臺北市信義區吳興街２８４巷５之７號三樓,25.0255150045387,121.563999960927,19.65,22.398634,13.546871,19.16747,20.660038,21.745985,24.797626
臺北市信義區吳興街６００巷７６弄３號七樓,25.0186360185121,121.570698023574,33.879997,27.942974,21.96353,22.011774,28.586031,33.44821,39.32381
臺北市信義區和平東路三段３４１巷２５號四樓,25.0211170199426,121.557529969866,20.9,18.659912,14.920461,15.014263,17.842964,19.377642,22.823753
臺北市信義區和平東路三段４３５巷７弄２３號三樓,25.0194229954013,121.559352027978,17.200003,17.169046,12.621808,14.136331,18.096832,20.21713,25.367899
臺北市信義區嘉興街１７５巷２弄１２號二樓,25.0274000107438,121.557281027342,30.880001,26.69997,15.392231,23.344183,24.07445,28.31386,32.55266
臺北市信義區永吉路１２０巷４３弄７號五樓之１,25.044377010802,121.570654018582,16.399998,18.938103,15.508036,16.36038,17.788017,20.166206,26.941734
臺北市信義區永吉路１２０巷４３弄７號四樓之１,25.044377010802,121.570654018582,18.499996,19.145576,15.613107,16.32414,17.593863,19.75924,27.12161
臺北市信義區永吉路２７８巷４８弄１８號四樓,25.0437608990091,121.573464303079,16.600002,18.93861,14.780307,15.9875765,18.607498,20.742983,22.265636
臺北市信義區莊敬路２３９巷１弄１７號,25.0302519952088,121.562158037704,26.480003,14.851928,10.511831,13.250631,16.669098,18.496332,23.16507
臺北市內湖區內湖路一段１巷９弄１號三樓,25.0854570116314,121.558098011444,5.65,15.92082,11.640761,12.85557,15.721965,17.963299,22.084154
臺北市內湖區內湖路三段３９號二樓,25.085501980542,121.592387036231,12.5,19.493603,13.605363,16.175411,19.198193,21.507328,24.190529
臺北市內湖區內湖路二段１０３巷１１９弄５２號七樓,25.0843039970306,121.581809996433,22.82,28.253378,16.925224,20.54159,23.676823,29.778854,34.849148
臺北市內湖區康寧路一段１９５巷２弄２號三樓,25.0786589947895,121.596701034157,21.5,19.619577,14.534126,16.190382,19.141989,21.795935,28.595943
臺北市內湖區康寧路三段２５號七樓,25.0728170178238,121.607299028713,37.3,31.733122,20.166227,22.741077,31.787188,40.238132,46.192776
臺北市內湖區康樂街６１巷１２弄８號五樓,25.0687799998879,121.618892038995,14.550001,18.236637,12.225457,14.042774,15.9977455,16.484007,20.547686
臺北市內湖區成功路四段１６７巷６弄４號四樓,25.0834769965538,121.594912838934,20.000002,23.009863,16.951635,19.674496,25.161375,27.95437,32.764297
臺北市內湖區文德路２１０巷３０弄１０２號四樓,25.076408705244,121.584603684761,32.499996,32.365936,21.027512,24.217745,31.246822,38.80852,44.383938
臺北市內湖區新明路３８０巷６弄７號,25.0554930069742,121.579737989968,21.699999,17.037476,12.979809,14.705253,18.273994,20.913986,27.686666
臺北市內湖區星雲街１３１號六樓之３,25.0809669937384,121.595856976507,22.000002,22.033875,15.0625515,19.594372,21.618935,25.55285,29.34696
臺北市內湖區星雲街１６３號十一樓之７,25.0812599831639,121.596442033349,10.8,8.743675,6.0017104,9.076349,9.229935,11.47997,13.952045
臺北市內湖區東湖路１１３巷９５弄１０４號四樓,25.0736599858262,121.615119009099,28.0,31.123297,20.996958,29.142935,37.250282,47.925648,51.6215
臺北市內湖區民權東路六段１８０巷９６號六樓,25.0656628958255,121.592336241897,43.0,32.637897,22.94384,23.318552,32.231052,38.949715,46.222755
臺北市內湖區江南街１１１號三樓之６,25.0764509919456,121.576248016942,15.000002,24.220585,16.782013,19.248177,21.239365,26.21683,32.037598
臺北市內湖區環山路二段２６巷２號四樓,25.0861340179509,121.572529972332,6.9999995,11.69467,6.8020563,8.575216,9.85558,11.9354515,16.005127
臺北市內湖區陽光街９２巷１４弄６號四樓,25.0754089956523,121.585502979153,14.0,15.818267,11.446626,12.530078,15.963791,17.79777,21.14762
臺北市北投區中山北路七段２１９巷３弄２８０號七樓之３,25.1329635852636,121.530660270495,25.3,26.612984,19.847971,20.981424,24.833824,26.865065,30.946749
臺北市北投區中山路４７號七樓之１,25.1387629821611,121.511685988638,3.3600001,4.773247,2.6224391,3.9352927,4.3989964,5.5611005,8.424634
臺北市北投區光明路２４６號四樓之１,25.1364960126283,121.508296011718,23.799997,21.683496,14.522545,17.129818,19.762022,22.056013,28.54361
臺北市北投區公路１５３號三樓,25.1323027,121.5026806,13.550002,16.21172,14.783032,14.789356,17.492172,19.243515,22.71145
臺北市北投區大度路三段２９９號十一樓之２,25.1229599933713,121.466490012345,12.600001,10.726996,8.429395,10.447387,10.697153,14.824217,18.938925
臺北市北投區幽雅路７號七樓之１７,25.1372959814674,121.513110995997,13.7699995,17.753374,12.812349,15.455627,19.030823,25.549755,27.646694
臺北市北投區新興路１５８巷１５號四樓,25.1389060193388,121.486065025202,12.999999,13.1148815,9.823736,11.187512,13.075409,15.724381,19.618814
臺北市北投區東華街一段３６４號三樓,25.109777019876,121.519212015681,28.250002,23.279638,18.962633,20.820454,22.682499,26.671082,31.746782
臺北市北投區永興路一段５４號四樓,25.1394969854222,121.500737965806,3.0,0.9908751,1.0096354,2.232696,2.748312,3.7359145,6.422425
臺北市北投區溫泉路３７巷２８號五樓,25.1338430145447,121.503422018841,8.199999,10.19267,8.154905,9.475113,10.365826,11.130254,16.228933
臺北市北投區溫泉路６５巷１０號五樓之５,25.1355190179942,121.504398007646,15.680001,16.079313,11.669141,14.022378,15.135361,16.326193,22.424726
臺北市北投區石牌路一段３９巷１３１弄２０號五樓,25.1181303381263,121.508989636287,44.599995,44.53488,30.02208,36.131958,41.648056,53.77833,58.295147
臺北市北投區自強街１２０巷１５弄１７號四樓,25.1106859953658,121.516558975688,16.0,21.429277,17.990889,18.457197,19.21877,20.734196,25.146568
臺北市北投區自強街５巷６１號,25.1110369875613,121.511890004162,28.999998,31.00807,21.911682,22.919706,29.884375,39.148457,39.82047
臺北市南港區市民大道八段５２５號三樓,25.0543576327452,121.613894307124,13.320634,14.616023,12.387706,12.490357,13.703329,15.297158,24.301466
臺北市南港區市民大道八段５２９號三樓,25.0543576327452,121.613894307124,21.820002,22.33034,17.100712,17.613892,24.891,29.814894,40.618877
臺北市南港區忠孝東路六段２９８號三樓,25.049204987031,121.589690997074,25.0,18.669226,12.30865,14.9423685,18.411032,20.50695,26.20072
臺北市南港區東新街１２６號三樓,25.0464418926493,121.58864040933,40.999996,30.503826,21.264242,23.36945,32.0087,38.712772,44.514206
臺北市南港區東新街１８０巷６號,25.0463049313177,121.593413372501,42.000008,28.861925,20.239817,22.694172,31.255785,38.476852,43.88775
臺北市南港區經貿二路２４５號六樓之２,25.0604508463171,121.614754855958,22.7,15.09309,11.136599,12.883108,15.819538,20.812826,26.849257
臺北市南港區重陽路１２５巷３６弄４６號六樓之１,25.0571449962711,121.596402638404,42.58,35.10424,24.049742,24.562244,31.66181,39.15834,44.551258
臺北市士林區中山北路六段２７７巷１８弄３號四樓,25.1100299857138,121.524177036027,18.499996,21.550177,14.767697,16.93149,18.471565,20.68088,26.018322
臺北市士林區大南路２７５號三樓,25.0886570127162,121.51935400512,13.500001,17.191366,12.592085,13.891818,15.870624,17.157742,22.273558
臺北市士林區延平北路五段２１８號三樓,25.0839810003918,121.510113040689,20.09,24.14787,15.501264,18.45982,22.194939,27.14701,34.832924
臺北市士林區德行東路１０９巷１１２號二樓,25.1114119939094,121.528953966465,34.5,39.149242,27.784992,30.405651,37.967358,45.75302,47.521046
臺北市士林區承德路四段４０巷２號二樓之５,25.0807840167921,121.522127995976,2.7,4.4506803,1.634552,3.249216,3.8677995,5.632332,9.637016
臺北市士林區福華路１５８號七樓之１,25.1037560054584,121.522679022291,43.0,35.514698,22.054934,26.885984,37.34807,40.546555,46.431705
臺北市士林區通河街３２５巷２之１號,25.0815127813637,121.517765802107,2.0,2.8038964,1.3718837,2.5542376,3.4550776,4.832881,8.74859
臺北市士林區重慶北路四段２２０巷２１弄３１號四樓,25.0866640056887,121.511677020002,3.1999998,11.226874,7.1842504,8.111234,8.349295,10.045486,15.328254
臺北市士林區重慶北路四段７０號,25.0819099997552,121.513090041239,41.579994,19.108168,18.613626,32.268543,56.081867,59.886215,67.2131
臺北市大同區民權西路１５３號十五樓之３,25.0631450140211,121.516434001511,9.499999,9.969153,5.1737714,9.468033,10.445611,13.109374,15.94501
臺北市大同區民權西路１５３號十樓之２,25.0631450140211,121.516434001511,14.899999,13.799783,12.058851,12.577464,14.69723,16.63654,21.874966
臺北市大同區民權西路１５３號十樓之５,25.0631450140211,121.516434001511,10.8,12.162823,8.901854,11.264983,12.565143,14.474494,18.830534
臺北市大同區環河北路二段３８３號五樓,25.0775473867904,121.509350790414,12.699999,12.346856,9.128727,10.149019,12.079487,14.21672,17.726522
臺北市大同區華亭街１號八樓之８,25.0519430195223,121.513348958228,23.58,22.390059,18.23902,20.013443,23.957226,27.908094,34.877502
臺北市大同區重慶北路三段８８號六樓之１,25.066426990119,121.513462030102,29.199997,31.171082,20.4511,24.228376,27.883228,32.678967,38.3339
臺北市大安區信義路三段１６６巷６弄１１之２號,25.0328850024533,121.541289026635,55.999992,39.87812,22.56259,25.703283,39.956566,47.647133,49.284637
臺北市大安區光復南路３０８巷２５號五樓,25.0387830124417,121.556471000219,49.980003,50.339756,29.375326,31.396713,50.691628,54.9469,56.87994
臺北市大安區和平東路三段８７號十二樓,25.0246279896352,121.550505012996,50.68,36.79512,23.96441,25.656727,40.674576,52.138435,52.7193
臺北市大安區和平東路二段１１８巷４弄２９號四樓,25.0241159810797,121.541646011892,36.66,37.12937,23.739605,26.404202,33.339794,38.21694,41.63812
臺北市大安區和平東路二段１７７號七樓,25.0254409923337,121.541828988838,29.300003,32.38025,22.714449,25.64972,32.95514,37.394596,40.26257
臺北市大安區嘉興街３２３巷３號十四樓之２,25.0223743054189,121.553424765148,53.130005,47.919956,34.279625,37.195538,45.08956,53.688362,55.686527
臺北市大安區大安路一段１６巷８號六樓,25.0443739933168,121.545821037863,36.300007,41.749565,26.06733,26.23254,34.331383,42.81038,43.716713
臺北市大安區大安路一段２０２號二樓之１１,25.0349950208492,121.545864959036,21.279999,17.930262,11.74635,13.920587,21.26733,21.277073,28.756937
臺北市大安區師大路１０５巷１８號三樓之３,25.0224020076089,121.529096039724,30.5,22.4982,17.25,19.060244,22.991665,26.154747,32.643913
臺北市大安區敦化南路一段２３３巷３１號五樓之７,25.040514001176,121.551042963542,15.680001,14.195045,7.1450143,9.820469,17.07042,18.761833,21.062704
臺北市大安區新生南路二段３０巷２５號三樓,25.0312639842887,121.530636968804,33.5,25.15988,17.609638,22.061666,27.372936,29.697418,34.9813
臺北市文山區仙岩路１６巷７２弄４２號三樓,24.9960000184346,121.549907970033,17.200003,22.155085,15.060124,17.770998,18.69852,22.503242,26.815422
臺北市文山區新光路一段９５巷２２號二樓,24.991152009457,121.574703986558,16.300001,15.258908,9.803541,12.892139,15.637575,18.70781,22.558125
臺北市文山區景興路９６巷３４號四樓,24.9947309982938,121.542873960707,20.1,26.716852,18.830013,19.655521,24.001038,26.138447,33.12028
臺北市文山區木新路三段２２４號四樓,24.9815349909391,121.55924197359,12.5,20.752516,15.635222,17.579796,19.206614,24.022665,26.733292
臺北市文山區木新路二段２９９巷７弄２號三樓,24.9823559983551,121.565855965747,12.999999,18.665876,14.845226,16.947107,18.28992,22.68878,25.149439
臺北市文山區木柵路三段８５巷８弄３號四樓之２,24.9895679973949,121.567269992813,25.56,27.730396,22.213356,24.542664,28.91033,34.92588,40.933456
臺北市文山區興德路２０巷２８號六樓,25.0010496824049,121.556192355871,10.500002,10.118085,8.681545,10.356571,11.433767,12.51971,15.999897
臺北市文山區興隆路三段３３３號八樓,24.9915035045666,121.559068384375,37.3,39.572952,30.333143,31.946762,40.789116,48.313927,55.391106
臺北市文山區興隆路二段３０１巷２１弄１０號四樓,25.0026319897746,121.553301970266,24.0,25.178358,15.766018,20.889204,22.976553,28.384365,33.95287
臺北市文山區萬盛街５９號三樓,25.0058109941919,121.542212041813,19.360003,20.660614,13.5721035,16.979912,19.199812,22.073519,26.29072
臺北市文山區萬隆街１３巷３號四樓,25.0000609136364,121.539049327903,19.56,22.956537,17.47979,17.824675,18.745228,21.448727,25.781237
臺北市文山區辛亥路四段２０９巷２２號二十二樓,25.002348010895,121.555666002238,23.0,18.73322,14.090263,15.079701,21.519207,24.301184,29.235447
臺北市文山區辛亥路四段７７巷１７號十一樓,25.0077594933136,121.560316617396,24.499996,28.78929,18.048906,19.431244,27.82817,32.9251,38.27121
臺北市松山區五常街２８１巷９號三樓,25.0645960052799,121.544914032121,18.0,18.975233,13.24204,15.678906,17.13513,18.151867,22.428291
臺北市松山區光復北路１８４號三樓,25.0540527864611,121.555997674147,45.000004,38.51061,26.499006,32.37955,42.581783,52.445446,52.965523
臺北市松山區八德路四段２４５巷２７號五樓,25.0503639946926,121.564540006949,36.999992,30.120628,18.012789,22.620249,31.418495,40.219337,42.74249
臺北市松山區八德路四段７２巷１４弄１１號二樓,25.0465719797865,121.559669031557,22.58,17.095797,12.467186,16.014217,17.49807,21.766079,26.67962
臺北市松山區復興北路３１３巷８號三樓,25.0588530185906,121.545092985753,50.999996,39.032898,27.015442,35.259796,55.019386,67.54863,70.0633
臺北市松山區復興北路４９９巷５弄５號四樓,25.0657970062763,121.544710016597,16.130001,18.452894,10.781176,16.246887,16.596188,17.77984,22.057318
臺北市松山區撫遠街４０１巷３２號二樓,25.0658719824002,121.56734903416,16.500002,15.292695,9.930711,12.05423,14.76286,17.235216,20.787197
臺北市萬華區中華路一段１８６號十二樓之２,25.0389713118966,121.506655170353,38.499996,48.118958,29.821554,32.597164,41.545155,49.15052,55.81503
臺北市萬華區中華路二段４１６巷１３號十一樓之３,25.0269499863623,121.504242020428,19.600002,33.90474,24.142859,25.339306,26.814135,30.421974,36.864864
臺北市萬華區中華路二段６６６之２號十四樓之２,25.0241599860714,121.511176704201,27.2,32.196247,19.17837,23.174189,32.27147,33.26562,36.65425
臺北市萬華區和平西路三段２９０號四樓之３,25.0352639961221,121.494854959424,10.2,16.658314,12.802048,14.007473,15.5294285,17.698174,23.677929
臺北市萬華區國興路４８號七樓之３,25.0254189898378,121.507339971842,12.600001,15.622445,11.591556,12.68691,13.289887,17.067537,19.286491
臺北市萬華區大理街１０３號六樓之１,25.0345094991077,121.49811199936,25.499998,27.940683,20.00477,20.679647,25.198584,29.343548,36.776775
臺北市萬華區康定路１０３號十三樓之１５,25.0395069993285,121.502047973453,12.0,14.272013,11.635481,12.891288,14.9186,17.925709,22.054718
臺北市萬華區康定路１０５號六樓,25.039268198907,121.50202316302,14.949998,19.929678,16.8925,17.763441,21.07145,23.745089,30.790054
臺北市萬華區武昌街二段１２４之２號五樓之３,25.0453662849243,121.503764671042,6.96,9.27312,5.9405975,7.008558,8.101097,9.304617,12.405703
臺北市萬華區民和街９６號四樓,25.025500000932,121.497593997744,43.0,50.682384,41.80985,43.48069,51.860348,59.916237,70.80143
臺北市萬華區民和街９８號七樓之２,25.0254950136996,121.497558039379,24.62,35.057396,30.96737,32.960655,35.947792,40.582047,49.33755
臺北市萬華區西園路二段３７２巷４１號,25.0267877127169,121.490389919602,10.15,7.141705,3.5894501,4.9864845,7.06383,8.978457,14.7595
臺北市萬華區西寧南路２９３號三樓,25.038722914196,121.506388877289,22.000002,24.874214,17.737726,18.21905,21.927277,24.508787,34.584225
臺北市萬華區貴陽街二段９６巷３之３號,25.0393409957361,121.503298972502,9.700001,16.537424,11.733486,12.166674,14.643473,17.325626,21.773481
臺北市萬華區長泰街３０８巷１９號三樓,25.021452002703,121.492749006251,11.000001,13.03755,9.608023,10.904517,12.485376,14.925706,19.202732
